network,week,n,t,pct,rm,date
CNN,2015.712,34,201,0.1691542288557214,0.1699146076340984,2015-09-10
Fox News,2015.712,1,2,0.5,0.3416666666666667,2015-09-10
CNN,2015.731,41,204,0.20098039215686275,0.14332331785185384,2015-09-17
CNN,2015.75,19,133,0.14285714285714285,0.12236177485593298,2015-09-24
CNN,2015.769,12,199,0.06030150753768844,0.11709022179026227,2015-10-01
Fox News,2015.769,1,6,0.16666666666666666,0.26666666666666666,2015-10-01
CNN,2015.788,18,211,0.08530805687203792,0.1005146920568378,2015-10-08
CNN,2015.808,34,189,0.17989417989417988,0.1051022365207303,2015-10-15
CNN,2015.827,16,209,0.07655502392344497,0.09839510534365649,2015-10-22
CNN,2015.846,14,178,0.07865168539325842,0.06258386403503298,2015-10-29
CNN,2015.865,10,171,0.05847953216374269,0.05887720681960383,2015-11-05
CNN,2015.885,7,191,0.03664921465968586,0.059348513659208686,2015-11-12
Fox News,2015.885,1,5,0.2,0.19166666666666668,2015-11-12
CNN,2015.904,10,162,0.06172839506172839,0.08728182210763472,2015-11-19
CNN,2015.923,12,149,0.08053691275167785,0.11448315480634962,2015-11-26
CNN,2015.942,24,141,0.1702127659574468,0.13885997323836974,2015-12-03
Fox News,2015.942,1,5,0.2,0.275,2015-12-03
CNN,2015.962,24,165,0.14545454545454545,0.15526420658891182,2015-12-10
CNN,2015.981,25,157,0.1592356687898089,0.15185242924096426,2015-12-17
CNN,2016,19,130,0.14615384615384616,0.13712340826194327,2015-12-24
CNN,2016.019,31,198,0.15656565656565657,0.13617459469143406,2015-12-31
Fox News,2016.019,1,5,0.2,0.41250000000000003,2015-12-31
CNN,2016.038,18,208,0.08653846153846154,0.14762720458154396,2016-01-08
CNN,2016.058,30,193,0.15544041450777202,0.154441672793071,2016-01-15
Fox News,2016.058,3,6,0.5,0.48750000000000004,2016-01-15
CNN,2016.077,43,224,0.19196428571428573,0.17352675437815257,2016-01-22
Fox News,2016.077,3,4,0.75,0.5,2016-01-22
CNN,2016.096,50,272,0.18382352941176472,0.16664339493725608,2016-01-29
Fox News,2016.096,2,4,0.5,0.4375,2016-01-29
CNN,2016.115,43,264,0.16287878787878787,0.17228868714504827,2016-02-05
Fox News,2016.115,1,4,0.25,0.375,2016-02-05
CNN,2016.135,22,172,0.12790697674418605,0.206579718372354,2016-02-12
CNN,2016.154,59,275,0.21454545454545454,0.22908676558870356,2016-02-19
Fox News,2016.154,1,4,0.25,0.3125,2016-02-19
CNN,2016.173,104,324,0.32098765432098764,0.2807013526720069,2016-02-26
Fox News,2016.173,2,4,0.5,0.375,2016-02-26
CNN,2016.192,87,344,0.25290697674418605,0.28649121854383996,2016-03-04
Fox News,2016.192,1,4,0.25,0.4375,2016-03-04
CNN,2016.212,108,323,0.33436532507739936,0.27053001924930736,2016-03-11
Fox News,2016.212,2,4,0.5,0.39583333333333337,2016-03-11
CNN,2016.231,58,244,0.23770491803278687,0.25638302966448784,2016-03-18
CNN,2016.25,72,280,0.2571428571428571,0.21495146170874746,2016-03-25
Fox News,2016.25,2,4,0.5,0.39583333333333337,2016-03-25
CNN,2016.269,64,326,0.19631901840490798,0.20348120704331804,2016-04-01
Fox News,2016.269,1,3,0.3333333333333333,0.37083333333333335,2016-04-01
CNN,2016.288,57,338,0.16863905325443787,0.18803655236025277,2016-04-08
CNN,2016.308,61,318,0.1918238993710692,0.21960195904934834,2016-04-15
CNN,2016.327,59,302,0.19536423841059603,0.2780427963363395,2016-04-22
CNN,2016.346,110,341,0.3225806451612903,0.3095570201690689,2016-04-29
CNN,2016.365,134,333,0.4024024024024024,0.3284393035059011,2016-05-06
Fox News,2016.365,1,4,0.25,0.37083333333333335,2016-05-06
CNN,2016.385,96,302,0.31788079470198677,0.32730233893689004,2016-05-13
CNN,2016.404,94,347,0.27089337175792505,0.31003507166962274,2016-05-20
CNN,2016.423,97,305,0.3180327868852459,0.27088745363928735,2016-05-27
Fox News,2016.423,2,5,0.4,0.35000000000000003,2016-05-27
CNN,2016.442,109,327,0.3333333333333333,0.262852692014685,2016-06-03
Fox News,2016.442,1,2,0.5,0.37083333333333335,2016-06-03
CNN,2016.462,45,279,0.16129032258064516,0.22287937901430374,2016-06-10
CNN,2016.481,69,289,0.23875432525951557,0.1770460456809704,2016-06-17
CNN,2016.5,34,215,0.15813953488372093,0.1744593140924129,2016-06-24
CNN,2016.519,33,220,0.15,0.19714621170473706,2016-07-01
CNN,2016.538,32,212,0.1509433962264151,0.1977232682823143,2016-07-08
CNN,2016.558,86,261,0.32950191570881227,0.24845856239996136,2016-07-15
Fox News,2016.558,1,4,0.25,0.39583333333333337,2016-07-15
CNN,2016.577,43,268,0.16044776119402984,0.30154302584335757,2016-07-22
CNN,2016.596,96,272,0.35294117647058826,0.3110478887964964,2016-07-29
Fox News,2016.596,1,3,0.3333333333333333,0.42083333333333334,2016-07-29
CNN,2016.615,93,256,0.36328125,0.35572615828819876,2016-08-05
CNN,2016.635,86,234,0.36752136752136755,0.35690692256471224,2016-08-12
Fox News,2016.635,2,4,0.5,0.44166666666666665,2016-08-12
CNN,2016.654,97,286,0.33916083916083917,0.33709828321646323,2016-08-19
CNN,2016.673,98,274,0.35766423357664234,0.32384697359418585,2016-08-26
Fox News,2016.673,3,5,0.6,0.48333333333333334,2016-08-26
CNN,2016.692,73,257,0.2840466926070039,0.2878372516088541,2016-09-02
Fox News,2016.692,2,6,0.3333333333333333,0.5583333333333333,2016-09-02
CNN,2016.712,78,248,0.31451612903225806,0.27270234337443794,2016-09-09
CNN,2016.731,48,246,0.1951219512195122,0.2809589629056138,2016-09-16
CNN,2016.75,93,313,0.2971246006389776,0.32640400472162334,2016-09-23
Fox News,2016.75,2,4,0.5,0.5333333333333333,2016-09-23
CNN,2016.769,104,328,0.3170731707317073,0.3841694779195308,2016-09-30
CNN,2016.788,134,270,0.4962962962962963,0.38896996041284765,2016-10-07
Fox News,2016.788,4,5,0.8,0.5125000000000001,2016-10-07
CNN,2016.808,153,359,0.42618384401114207,0.3662492867775399,2016-10-14
Fox News,2016.808,1,2,0.5,0.5541666666666667,2016-10-14
CNN,2016.827,124,392,0.3163265306122449,0.3342041982107122,2016-10-21
Fox News,2016.827,1,4,0.25,0.5416666666666667,2016-10-21
CNN,2016.846,76,336,0.2261904761904762,0.3522980066603762,2016-10-28
CNN,2016.865,127,345,0.3681159420289855,0.40255665178509276,2016-11-04
Fox News,2016.865,4,6,0.6666666666666666,0.5,2016-11-04
CNN,2016.885,173,347,0.49855907780979825,0.43834352751099287,2016-11-11
Fox News,2016.885,3,4,0.75,0.48750000000000004,2016-11-11
CNN,2016.904,149,288,0.5173611111111112,0.4429222116202657,2016-11-18
Fox News,2016.904,1,3,0.3333333333333333,0.48750000000000004,2016-11-18
CNN,2016.923,106,287,0.3693379790940767,0.39982090370627765,2016-11-25
Fox News,2016.923,1,5,0.2,0.36250000000000004,2016-11-25
CNN,2016.942,131,339,0.3864306784660767,0.3220190874669614,2016-12-02
Fox News,2016.942,2,3,0.6666666666666666,0.4041666666666667,2016-12-02
CNN,2016.962,106,325,0.3261538461538461,0.27349902568313295,2016-12-09
CNN,2016.981,67,325,0.20615384615384616,0.24445892363418134,2016-12-16
Fox News,2016.981,1,4,0.25,0.4541666666666667,2016-12-16
CNN,2017,34,194,0.17525773195876287,0.2589412233413946,2016-12-23
CNN,2017.019,90,333,0.2702702702702703,0.3260333350513407,2016-12-30
CNN,2017.038,111,289,0.38408304498269896,0.4220494105362262,2017-01-08
CNN,2017.058,149,314,0.4745222929936306,0.4612856404370131,2017-01-15
Fox News,2017.058,2,4,0.5,0.35000000000000003,2017-01-15
CNN,2017.077,198,354,0.559322033898305,0.4675684022265687,2017-01-22
Fox News,2017.077,2,5,0.4,0.4375,2017-01-22
CNN,2017.096,135,316,0.4272151898734177,0.4588412106206731,2017-01-29
CNN,2017.115,151,369,0.4092140921409214,0.4002607021460969,2017-02-05
CNN,2017.135,182,414,0.4396135265700483,0.39320752811913895,2017-02-12
Fox News,2017.135,1,4,0.25,0.36250000000000004,2017-02-12
CNN,2017.154,130,400,0.325,0.37044945962936315,2017-02-19
CNN,2017.173,160,401,0.39900249376558605,0.34232799288046806,2017-02-26
Fox News,2017.173,3,5,0.6,0.3875,2017-02-26
CNN,2017.192,119,374,0.3181818181818182,0.3306656217464475,2017-03-05
Fox News,2017.192,1,5,0.2,0.3875,2017-03-05
CNN,2017.212,123,376,0.3271276595744681,0.29288682929096643,2017-03-12
Fox News,2017.212,2,4,0.5,0.32840909090909093,2017-03-12
CNN,2017.231,81,291,0.27835051546391754,0.2811767405991704,2017-03-19
Fox News,2017.231,3,12,0.25,0.3465909090909091,2017-03-19
CNN,2017.25,88,355,0.24788732394366197,0.25837369894499,2017-03-26
Fox News,2017.25,8,22,0.36363636363636365,0.31369617224880386,2017-03-26
CNN,2017.269,89,328,0.27134146341463417,0.25959531863392393,2017-04-02
Fox News,2017.269,6,22,0.2727272727272727,0.4129608781311568,2017-04-02
CNN,2017.288,67,284,0.23591549295774647,0.2901293424489452,2017-04-09
Fox News,2017.288,7,19,0.3684210526315789,0.42919464436492305,2017-04-09
CNN,2017.308,98,346,0.2832369942196532,0.3092504983344171,2017-04-16
Fox News,2017.308,11,17,0.6470588235294118,0.4475512877215664,2017-04-16
CNN,2017.327,158,427,0.3700234192037471,0.3347543837156702,2017-04-23
Fox News,2017.327,9,21,0.42857142857142855,0.45159987071751784,2017-04-23
CNN,2017.346,128,368,0.34782608695652173,0.36256898837176604,2017-04-30
Fox News,2017.346,9,26,0.34615384615384615,0.3731684981684982,2017-04-30
CNN,2017.365,98,290,0.33793103448275863,0.3481362232718259,2017-05-07
Fox News,2017.365,10,26,0.38461538461538464,0.3860256410256411,2017-05-07
CNN,2017.385,129,327,0.3944954128440367,0.34000853036152434,2017-05-14
Fox News,2017.385,8,24,0.3333333333333333,0.37641025641025644,2017-05-14
CNN,2017.404,94,301,0.3122923588039867,0.338859105074168,2017-05-21
Fox News,2017.404,12,25,0.48,0.3913675213675214,2017-05-21
CNN,2017.423,105,333,0.3153153153153153,0.3112878834421062,2017-05-28
Fox News,2017.423,8,26,0.3076923076923077,0.3265527065527066,2017-05-28
CNN,2017.442,94,282,0.3333333333333333,0.28353428255900087,2017-06-04
Fox News,2017.442,12,27,0.4444444444444444,0.27386039886039887,2017-06-04
CNN,2017.462,81,285,0.28421052631578947,0.277839782088381,2017-06-11
Fox News,2017.462,2,27,0.07407407407407407,0.3011039886039886,2017-06-11
CNN,2017.481,63,313,0.2012779552715655,0.30359735784595676,2017-06-18
Fox News,2017.481,7,26,0.2692307692307692,0.3347297195981407,2017-06-18
CNN,2017.5,98,335,0.29253731343283584,0.36034741684996907,2017-06-25
Fox News,2017.5,10,24,0.4166666666666667,0.45510008996851103,2017-06-25
CNN,2017.519,120,275,0.43636363636363634,0.4061817741859238,2017-07-02
Fox News,2017.519,11,19,0.5789473684210527,0.431270658530384,2017-07-02
CNN,2017.538,114,223,0.5112107623318386,0.40880502158529064,2017-07-09
Fox News,2017.538,15,27,0.5555555555555556,0.42493007882023903,2017-07-09
CNN,2017.558,110,286,0.38461538461538464,0.3987400865203556,2017-07-16
Fox News,2017.558,4,23,0.17391304347826086,0.3754313319530711,2017-07-16
CNN,2017.577,90,297,0.30303030303030304,0.3761562511562512,2017-07-23
Fox News,2017.577,9,23,0.391304347826087,0.31608789760963674,2017-07-23
CNN,2017.596,122,308,0.3961038961038961,0.3849294123016751,2017-07-30
Fox News,2017.596,8,21,0.38095238095238093,0.40260963674007155,2017-07-30
CNN,2017.615,125,297,0.4208754208754209,0.4085409217176009,2017-08-06
Fox News,2017.615,7,22,0.3181818181818182,0.42383116883116884,2017-08-06
CNN,2017.635,115,274,0.4197080291970803,0.35412774230442146,2017-08-13
Fox News,2017.635,13,25,0.52,0.4211856661856662,2017-08-13
CNN,2017.654,126,317,0.39747634069400634,0.2886615372622447,2017-08-20
Fox News,2017.654,10,21,0.47619047619047616,0.43687830687830687,2017-08-20
CNN,2017.673,53,297,0.17845117845117844,0.22926433128747792,2017-08-27
Fox News,2017.673,10,27,0.37037037037037035,0.382965263400046,2017-08-27
CNN,2017.692,45,283,0.15901060070671377,0.1904488793319694,2017-09-03
Fox News,2017.692,8,21,0.38095238095238093,0.40677478720956983,2017-09-03
CNN,2017.712,55,302,0.18211920529801323,0.21298818827904537,2017-09-10
Fox News,2017.712,7,23,0.30434782608695654,0.38918219461697723,2017-09-10
CNN,2017.731,70,289,0.2422145328719723,0.22545072797578464,2017-09-17
Fox News,2017.731,12,21,0.5714285714285714,0.32655279503105594,2017-09-17
CNN,2017.75,83,309,0.2686084142394822,0.26745090267046595,2017-09-24
Fox News,2017.75,6,20,0.3,0.3527385657820441,2017-09-24
CNN,2017.769,66,316,0.2088607594936709,0.27560587872399606,2017-10-01
Fox News,2017.769,3,23,0.13043478260869565,0.32446475625823457,2017-10-01
CNN,2017.788,146,417,0.3501199040767386,0.291229694896567,2017-10-08
Fox News,2017.788,9,22,0.4090909090909091,0.3655361848296631,2017-10-08
CNN,2017.808,83,302,0.27483443708609273,0.30938487539351966,2017-10-15
Fox News,2017.808,11,24,0.4583333333333333,0.37640575004705445,2017-10-15
CNN,2017.827,99,299,0.3311036789297659,0.297775144773108,2017-10-22
Fox News,2017.827,13,28,0.4642857142857143,0.34704968944099385,2017-10-22
CNN,2017.846,76,270,0.2814814814814815,0.2884190534871964,2017-10-29
Fox News,2017.846,4,23,0.17391304347826086,0.2637163561076605,2017-10-29
CNN,2017.865,99,326,0.30368098159509205,0.2783704064820276,2017-11-05
Fox News,2017.865,7,24,0.2916666666666667,0.1861064659977704,2017-11-05
CNN,2017.885,66,278,0.23741007194244604,0.26990479801641915,2017-11-12
Fox News,2017.885,4,32,0.125,0.18429487179487183,2017-11-12
CNN,2017.904,96,330,0.2909090909090909,0.2743767094803912,2017-11-19
Fox News,2017.904,4,26,0.15384615384615385,0.21482648099027413,2017-11-19
CNN,2017.923,78,315,0.24761904761904763,0.27390100308898263,2017-11-26
Fox News,2017.923,5,30,0.16666666666666666,0.2353006189213086,2017-11-26
CNN,2017.942,82,255,0.3215686274509804,0.28763206369504324,2017-12-03
Fox News,2017.942,12,29,0.41379310344827586,0.29505336617405586,2017-12-03
CNN,2017.962,65,276,0.23550724637681159,0.3201150568923221,2017-12-10
Fox News,2017.962,6,29,0.20689655172413793,0.42005336617405586,2017-12-10
CNN,2017.981,83,240,0.3458333333333333,0.3259570772447669,2017-12-17
Fox News,2017.981,11,28,0.39285714285714285,0.39352816723506384,2017-12-17
CNN,2018,74,196,0.37755102040816324,0.39502639359669195,2017-12-24
Fox News,2018,10,15,0.6666666666666666,0.4199290293040293,2017-12-24
CNN,2018.019,109,316,0.3449367088607595,0.3791255515525572,2017-12-31
Fox News,2018.019,8,26,0.3076923076923077,0.3764022435897436,2017-12-31
CNN,2018.038,152,297,0.5117845117845118,0.38196001867273865,2018-01-08
Fox News,2018.038,10,32,0.3125,0.2811641483516484,2018-01-08
CNN,2018.058,81,287,0.28222996515679444,0.36576130245045657,2018-01-15
Fox News,2018.058,7,32,0.21875,0.28424107142857147,2018-01-15
CNN,2018.077,105,270,0.3888888888888889,0.2893303260194801,2018-01-22
Fox News,2018.077,8,28,0.2857142857142857,0.24059883004926114,2018-01-22
CNN,2018.096,79,282,0.2801418439716312,0.26100256446001124,2018-01-29
Fox News,2018.096,8,25,0.32,0.20376847290640399,2018-01-29
CNN,2018.115,68,330,0.20606060606060606,0.23227349292272054,2018-02-05
Fox News,2018.115,4,29,0.13793103448275862,0.2240065681444992,2018-02-05
CNN,2018.135,50,296,0.16891891891891891,0.24064039879371804,2018-02-12
Fox News,2018.135,2,28,0.07142857142857142,0.20852269717675728,2018-02-12
CNN,2018.154,80,292,0.273972602739726,0.2995148576681769,2018-02-19
Fox News,2018.154,11,30,0.36666666666666664,0.28433405620312646,2018-02-19
CNN,2018.173,106,338,0.3136094674556213,0.33738221531708795,2018-02-26
Fox News,2018.173,8,31,0.25806451612903225,0.3179475015812777,2018-02-26
CNN,2018.192,136,308,0.44155844155844154,0.37529044871520145,2018-03-05
Fox News,2018.192,15,34,0.4411764705882353,0.27775142314990514,2018-03-05
CNN,2018.212,99,309,0.32038834951456313,0.3875820881604444,2018-03-12
Fox News,2018.212,7,34,0.20588235294117646,0.2601102941176471,2018-03-12
CNN,2018.231,123,289,0.42560553633217996,0.3732242238025801,2018-03-19
Fox News,2018.231,7,34,0.20588235294117646,0.27860405525846704,2018-03-19
CNN,2018.25,115,317,0.3627760252365931,0.40506743493140196,2018-03-26
Fox News,2018.25,6,32,0.1875,0.31046680035650626,2018-03-26
CNN,2018.269,121,315,0.38412698412698415,0.39114253987657016,2018-04-02
Fox News,2018.269,17,33,0.5151515151515151,0.32930871212121215,2018-04-02
CNN,2018.288,120,268,0.44776119402985076,0.37906488576867975,2018-04-09
Fox News,2018.288,10,30,0.3333333333333333,0.37271148989898994,2018-04-09
CNN,2018.308,118,319,0.36990595611285265,0.3893711679059478,2018-04-16
Fox News,2018.308,9,32,0.28125,0.35329861111111116,2018-04-16
CNN,2018.327,100,318,0.31446540880503143,0.3585119504795662,2018-04-23
Fox News,2018.327,13,36,0.3611111111111111,0.3667394713261649,2018-04-23
CNN,2018.346,151,355,0.4253521126760563,0.3375788698114816,2018-04-30
Fox News,2018.346,14,32,0.4375,0.402487577386771,2018-04-30
CNN,2018.365,108,333,0.32432432432432434,0.34171513085064187,2018-05-07
Fox News,2018.365,12,31,0.3870967741935484,0.4302653551645488,2018-05-07
CNN,2018.385,89,311,0.2861736334405145,0.3274016425589284,2018-05-14
Fox News,2018.385,14,33,0.42424242424242425,0.4375570218312154,2018-05-14
CNN,2018.404,95,287,0.3310104529616725,0.3287673699884856,2018-05-21
Fox News,2018.404,17,36,0.4722222222222222,0.4588383838383839,2018-05-21
CNN,2018.423,120,326,0.36809815950920244,0.35656170997272785,2018-05-28
Fox News,2018.423,14,30,0.4666666666666667,0.4543402777777778,2018-05-28
CNN,2018.442,93,282,0.32978723404255317,0.35320098862420163,2018-06-04
Fox News,2018.442,17,36,0.4722222222222222,0.3968907828282829,2018-06-04
CNN,2018.462,120,302,0.3973509933774834,0.3474440543807038,2018-06-11
Fox News,2018.462,13,32,0.40625,0.35259253721424777,2018-06-11
CNN,2018.481,94,296,0.31756756756756754,0.32970312822300674,2018-06-18
Fox News,2018.481,8,33,0.24242424242424243,0.31787031499202556,2018-06-18
CNN,2018.5,98,284,0.34507042253521125,0.3218508871250127,2018-06-25
Fox News,2018.5,11,38,0.2894736842105263,0.32236842105263164,2018-06-25
CNN,2018.519,66,255,0.25882352941176473,0.36949151555832405,2018-07-02
Fox News,2018.519,8,24,0.3333333333333333,0.38676236044657103,2018-07-02
CNN,2018.538,101,276,0.36594202898550726,0.40087096874805067,2018-07-09
Fox News,2018.538,14,33,0.42424242424242425,0.42153679653679654,2018-07-09
CNN,2018.558,125,246,0.508130081300813,0.4130881633181864,2018-07-16
Fox News,2018.558,16,32,0.5,0.4111201298701299,2018-07-16
CNN,2018.577,144,306,0.47058823529411764,0.38544880991796343,2018-07-23
Fox News,2018.577,12,28,0.42857142857142855,0.38081709956709964,2018-07-23
CNN,2018.596,96,312,0.3076923076923077,0.332523432449903,2018-07-30
Fox News,2018.596,7,24,0.2916666666666667,0.3135094072594073,2018-07-30
CNN,2018.615,83,325,0.2553846153846154,0.3075916054144531,2018-08-06
Fox News,2018.615,10,33,0.30303030303030304,0.2777951215451216,2018-08-06
CNN,2018.635,83,280,0.29642857142857143,0.2970321648550125,2018-08-13
Fox News,2018.635,6,26,0.23076923076923078,0.28096541140019404,2018-08-13
CNN,2018.654,112,302,0.3708609271523179,0.30226495837727974,2018-08-20
Fox News,2018.654,6,21,0.2857142857142857,0.27928190971669237,2018-08-20
CNN,2018.673,73,275,0.26545454545454544,0.2728547852171066,2018-08-27
Fox News,2018.673,7,23,0.30434782608695654,0.25835430790673763,2018-08-27
CNN,2018.692,84,304,0.27631578947368424,0.24188654138083432,2018-09-03
Fox News,2018.692,8,27,0.2962962962962963,0.2139527635051932,2018-09-03
CNN,2018.712,59,330,0.1787878787878788,0.23939955699957682,2018-09-10
Fox News,2018.712,5,34,0.14705882352941177,0.1467943784120255,2018-09-10
CNN,2018.731,82,332,0.2469879518072289,0.22013610778613732,2018-09-17
Fox News,2018.731,4,37,0.10810810810810811,0.08834530433795143,2018-09-17
CNN,2018.75,58,227,0.2555066079295154,0.23080826560594614,2018-09-24
Fox News,2018.75,1,28,0.03571428571428571,0.10713615401115405,2018-09-24
CNN,2018.769,54,271,0.1992619926199262,0.24254370576915488,2018-10-01
Fox News,2018.769,2,32,0.0625,0.12498092185592188,2018-10-01
CNN,2018.788,66,298,0.2214765100671141,0.2483696560172593,2018-10-08
Fox News,2018.788,8,36,0.2222222222222222,0.18033806471306474,2018-10-08
CNN,2018.808,92,313,0.2939297124600639,0.2843529744303251,2018-10-15
Fox News,2018.808,7,39,0.1794871794871795,0.23522588522588525,2018-10-15
CNN,2018.827,75,269,0.2788104089219331,0.3090168502138766,2018-10-22
Fox News,2018.827,9,35,0.2571428571428571,0.20109890109890113,2018-10-22
CNN,2018.846,116,338,0.3431952662721893,0.3041390732616513,2018-10-29
Fox News,2018.846,11,39,0.28205128205128205,0.21872710622710625,2018-10-29
CNN,2018.865,97,303,0.3201320132013201,0.33917653219324756,2018-11-05
Fox News,2018.865,3,35,0.08571428571428572,0.260501998001998,2018-11-05
CNN,2018.885,118,430,0.2744186046511628,0.3353175149563039,2018-11-12
Fox News,2018.885,9,36,0.25,0.25248917748917754,2018-11-12
CNN,2018.904,137,327,0.41896024464831805,0.3121810633801118,2018-11-19
Fox News,2018.904,14,33,0.42424242424242425,0.24576648841354728,2018-11-19
CNN,2018.923,98,299,0.3277591973244147,0.33214784078874965,2018-11-26
Fox News,2018.923,10,40,0.25,0.2912210338680927,2018-11-26
CNN,2018.942,66,290,0.22758620689655173,0.3280467572624529,2018-12-03
Fox News,2018.942,2,34,0.058823529411764705,0.25182709447415336,2018-12-03
CNN,2018.962,124,350,0.35428571428571426,0.32009798932148376,2018-12-10
Fox News,2018.962,19,44,0.4318181818181818,0.26691330137070507,2018-12-10
CNN,2018.981,126,313,0.402555910543131,0.33379729251962564,2018-12-17
Fox News,2018.981,12,45,0.26666666666666666,0.31649313330347817,2018-12-17
CNN,2019,66,223,0.29596412556053814,0.3449326088162322,2018-12-24
Fox News,2019,9,29,0.3103448275862069,0.31568144499178985,2018-12-24
CNN,2019.019,109,386,0.2823834196891192,0.3237328835168981,2018-12-31
Fox News,2019.019,9,35,0.2571428571428571,0.3540147783251232,2018-12-31
CNN,2019.038,136,341,0.39882697947214074,0.3273771797620912,2019-01-08
Fox News,2019.038,21,49,0.42857142857142855,0.3337202380952381,2019-01-08
CNN,2019.058,102,321,0.3177570093457944,0.32634654223111575,2019-01-15
Fox News,2019.058,21,50,0.42,0.33054563492063493,2019-01-15
CNN,2019.077,109,351,0.31054131054131057,0.2926654383887216,2019-01-22
Fox News,2019.077,11,48,0.22916666666666666,0.31013747165532884,2019-01-22
CNN,2019.096,96,345,0.2782608695652174,0.2822970906977498,2019-01-29
Fox News,2019.096,11,45,0.24444444444444444,0.2884708049886622,2019-01-29
CNN,2019.115,103,390,0.2641025641025641,0.25818082464599984,2019-02-05
Fox News,2019.115,17,49,0.3469387755102041,0.28552696440895203,2019-02-05
CNN,2019.135,113,409,0.2762836185819071,0.2636156072546955,2019-02-12
Fox News,2019.135,14,42,0.3333333333333333,0.3181658532978409,2019-02-12
CNN,2019.154,73,341,0.21407624633431085,0.24910095524004347,2019-02-19
Fox News,2019.154,10,46,0.21739130434782608,0.2835144927536232,2019-02-19
CNN,2019.173,99,330,0.3,0.22323118373904263,2019-02-26
Fox News,2019.173,18,48,0.375,0.21684782608695655,2019-02-26
CNN,2019.192,75,364,0.20604395604395603,0.22804545548879823,2019-03-05
Fox News,2019.192,10,48,0.20833333333333334,0.2197916666666667,2019-03-05
CNN,2019.212,61,353,0.17280453257790368,0.2096244028572193,2019-03-12
Fox News,2019.212,3,45,0.06666666666666667,0.20212862318840583,2019-03-12
CNN,2019.231,84,360,0.23333333333333334,0.23352102254188248,2019-03-19
Fox News,2019.231,11,48,0.22916666666666666,0.18492901078530505,2019-03-19
CNN,2019.25,86,380,0.22631578947368422,0.24801219708971425,2019-03-26
Fox News,2019.25,14,46,0.30434782608695654,0.2515956774519717,2019-03-26
CNN,2019.269,111,368,0.3016304347826087,0.23951546506357047,2019-04-02
Fox News,2019.269,6,43,0.13953488372093023,0.30739924888054315,2019-04-02
CNN,2019.288,78,338,0.23076923076923078,0.2444230041816359,2019-04-09
Fox News,2019.288,14,42,0.3333333333333333,0.3044830240661211,2019-04-09
CNN,2019.308,61,306,0.19934640522875818,0.22106818140973739,2019-04-16
Fox News,2019.308,19,42,0.4523809523809524,0.30683334568908,2019-04-16
CNN,2019.327,91,370,0.24594594594594596,0.22966980342988974,2019-04-23
Fox News,2019.327,12,41,0.2926829268292683,0.2985000123557467,2019-04-23
CNN,2019.346,71,341,0.20821114369501467,0.23857637152160732,2019-04-30
Fox News,2019.346,7,47,0.14893617021276595,0.26692651339094337,2019-04-30
CNN,2019.365,83,313,0.26517571884984026,0.2540988136065494,2019-05-07
Fox News,2019.365,12,40,0.3,0.27483686276470737,2019-05-07
CNN,2019.385,86,366,0.23497267759562843,0.27213948562672097,2019-05-14
Fox News,2019.385,15,46,0.32608695652173914,0.3231291360009896,2019-05-14
CNN,2019.404,138,448,0.3080357142857143,0.28003910430135764,2019-05-21
Fox News,2019.404,12,37,0.32432432432432434,0.3427237305955842,2019-05-21
CNN,2019.423,120,428,0.2803738317757009,0.29967708244343416,2019-05-28
Fox News,2019.423,13,38,0.34210526315789475,0.3174519914651494,2019-05-28
CNN,2019.442,138,465,0.2967741935483871,0.29574507694892865,2019-06-04
Fox News,2019.442,14,37,0.3783783783783784,0.3087393314366999,2019-06-04
CNN,2019.462,153,488,0.3135245901639344,0.26539004958850443,2019-06-11
Fox News,2019.462,9,40,0.225,0.28731557974979033,2019-06-11
CNN,2019.481,133,455,0.2923076923076923,0.23465253392124408,2019-06-18
Fox News,2019.481,11,38,0.2894736842105263,0.24706881124215224,2019-06-18
CNN,2019.5,79,497,0.158953722334004,0.217947469242784,2019-06-25
Fox News,2019.5,10,39,0.2564102564102564,0.22206881124215225,2019-06-25
CNN,2019.519,85,489,0.1738241308793456,0.22803484636870067,2019-07-02
Fox News,2019.519,5,23,0.21739130434782608,0.21548986387373117,2019-07-02
CNN,2019.538,131,531,0.24670433145009416,0.23303325789046284,2019-07-09
Fox News,2019.538,4,32,0.125,0.22777618866005597,2019-07-09
CNN,2019.558,164,493,0.332657200811359,0.23192416394613663,2019-07-16
Fox News,2019.558,10,38,0.2631578947368421,0.22987997547632527,2019-07-16
CNN,2019.577,85,475,0.17894736842105263,0.24484120947420984,2019-07-23
Fox News,2019.577,11,36,0.3055555555555556,0.26593766778401756,2019-07-23
CNN,2019.596,83,490,0.16938775510204082,0.21836049641181002,2019-07-30
Fox News,2019.596,7,31,0.22580645161290322,0.2418148607664737,2019-07-30
CNN,2019.615,165,553,0.298372513562387,0.25601536805419284,2019-08-06
Fox News,2019.615,7,26,0.2692307692307692,0.24578311473472766,2019-08-06
CNN,2019.635,134,591,0.22673434856175972,0.2513802936854623,2019-08-13
Fox News,2019.635,4,24,0.16666666666666666,0.2476648351648352,2019-08-13
CNN,2019.654,175,531,0.3295668549905838,0.2147452804781116,2019-08-20
Fox News,2019.654,9,28,0.32142857142857145,0.25178571428571433,2019-08-20
CNN,2019.673,89,590,0.15084745762711865,0.21014502667100501,2019-08-27
Fox News,2019.673,7,30,0.23333333333333334,0.2910014005602241,2019-08-27
CNN,2019.692,87,573,0.1518324607329843,0.19214725231729846,2019-09-03
Fox News,2019.692,6,21,0.2857142857142857,0.23091452797335155,2019-09-03
CNN,2019.712,120,576,0.20833333333333334,0.2390259051518981,2019-09-10
Fox News,2019.712,11,34,0.3235294117647059,0.26468645779791294,2019-09-10
CNN,2019.731,136,528,0.25757575757575757,0.27663896747304567,2019-09-17
Fox News,2019.731,3,37,0.08108108108108109,0.27450788636934154,2019-09-17
CNN,2019.75,157,464,0.33836206896551724,0.2831270627111409,2019-09-24
Fox News,2019.75,14,38,0.3684210526315789,0.2539703610143719,2019-09-24
CNN,2019.769,172,569,0.3022847100175747,0.28111586252920906,2019-10-01
Fox News,2019.769,13,40,0.325,0.3031445351885461,2019-10-01
CNN,2019.788,123,525,0.2342857142857143,0.25317815194063636,2019-10-08
Fox News,2019.788,7,29,0.2413793103448276,0.29927456614829845,2019-10-08
CNN,2019.808,133,533,0.24953095684803,0.22679396630616142,2019-10-15
Fox News,2019.808,10,36,0.2777777777777778,0.2559033540270863,2019-10-15
CNN,2019.827,109,481,0.22661122661122662,0.2096898423599322,2019-10-22
Fox News,2019.827,12,34,0.35294117647058826,0.22586155674390973,2019-10-22
CNN,2019.846,121,615,0.1967479674796748,0.20663681329285224,2019-10-29
Fox News,2019.846,5,33,0.15151515151515152,0.21197266785502084,2019-10-29
CNN,2019.865,104,627,0.16586921850079744,0.19197619414004558,2019-11-05
Fox News,2019.865,4,33,0.12121212121212122,0.16219891219891225,2019-11-05
CNN,2019.885,131,552,0.23731884057971014,0.20142556590649052,2019-11-12
Fox News,2019.885,8,36,0.2222222222222222,0.17695170326749277,2019-11-12
CNN,2019.904,86,512,0.16796875,0.2133055416160192,2019-11-19
Fox News,2019.904,2,13,0.15384615384615385,0.23755776387355337,2019-11-19
CNN,2019.923,129,550,0.23454545454545456,0.21096507878291962,2019-11-26
Fox News,2019.923,4,19,0.21052631578947367,0.24450220831799782,2019-11-26
CNN,2019.942,102,478,0.21338912133891214,0.23509258240261074,2019-12-03
Fox News,2019.942,8,22,0.36363636363636365,0.28242955874534825,2019-12-03
CNN,2019.962,106,465,0.22795698924731184,0.21855466436210202,2019-12-10
Fox News,2019.962,8,32,0.25,0.3012265512265513,2019-12-10
CNN,2019.981,137,518,0.2644787644787645,0.1991169584954591,2019-12-17
Fox News,2019.981,11,36,0.3055555555555556,0.2792829775588397,2019-12-17
CNN,2020,65,386,0.16839378238341968,0.18091473516106413,2019-12-24
Fox News,2020,4,14,0.2857142857142857,0.27447528525114734,2019-12-24
CNN,2020.019,51,376,0.1356382978723404,0.16920091854070546,2019-12-31
Fox News,2020.019,8,29,0.27586206896551724,0.23280861858448068,2019-12-31
CNN,2020.038,110,709,0.15514809590973203,0.21054841889079648,2020-01-08
Fox News,2020.038,9,39,0.23076923076923078,0.2339606923171996,2020-01-08
CNN,2020.058,163,749,0.21762349799732977,0.2272853961468493,2020-01-15
Fox News,2020.058,5,36,0.1388888888888889,0.2274951750758203,2020-01-15
CNN,2020.077,247,740,0.33378378378378376,0.2435335009750369,2020-01-22
Fox News,2020.077,9,31,0.2903225806451613,0.27274404385410084,2020-01-22
CNN,2020.096,141,696,0.2025862068965517,0.24087115853419716,2020-01-29
Fox News,2020.096,8,32,0.25,0.29723234794766806,2020-01-29
CNN,2020.115,188,854,0.22014051522248243,0.20532618137188954,2020-02-05
Fox News,2020.115,14,34,0.4117647058823529,0.2763758407174122,2020-02-05
CNN,2020.135,184,889,0.20697412823397077,0.1736796296477516,2020-02-12
Fox News,2020.135,9,38,0.23684210526315788,0.2517546285962001,2020-02-12
CNN,2020.154,178,929,0.1916038751345533,0.13717426997943355,2020-02-19
Fox News,2020.154,6,29,0.20689655172413793,0.17765960597176572,2020-02-19
CNN,2020.173,57,750,0.076,0.1293939925141167,2020-02-26
Fox News,2020.173,5,33,0.15151515151515152,0.21522327320436335,2020-02-26
CNN,2020.192,61,823,0.07411907654921021,0.11126346849374956,2020-03-04
Fox News,2020.192,3,26,0.11538461538461539,0.20137792315211675,2020-03-04
CNN,2020.212,134,762,0.17585301837270342,0.12179757831072127,2020-03-11
Fox News,2020.212,12,31,0.3870967741935484,0.19127691305110664,2020-03-11
CNN,2020.231,83,697,0.11908177905308465,0.12237608942819579,2020-03-18
Fox News,2020.231,5,33,0.15151515151515152,0.1981450449192385,2020-03-18
CNN,2020.25,71,601,0.11813643926788686,0.11471047548837747,2020-03-25
Fox News,2020.25,2,18,0.1111111111111111,0.13708513708513712,2020-03-25
CNN,2020.269,48,628,0.07643312101910828,0.12310529683154889,2020-04-01
CNN,2020.288,80,551,0.14519056261343014,0.12238738639152422,2020-04-08
Fox News,2020.288,2,14,0.14285714285714285,0.13045634920634924,2020-04-08
CNN,2020.308,109,714,0.15266106442577032,0.12279862565626666,2020-04-15
Fox News,2020.308,2,14,0.14285714285714285,0.11458333333333337,2020-04-15
CNN,2020.327,74,642,0.11526479750778816,0.1184313188200354,2020-04-22
Fox News,2020.327,2,16,0.125,0.09077380952380956,2020-04-22
CNN,2020.346,52,666,0.07807807807807808,0.11635876794538089,2020-04-29
Fox News,2020.346,1,21,0.047619047619047616,0.12027691511387167,2020-04-29
CNN,2020.365,88,689,0.12772133526850507,0.1304082760024866,2020-05-06
Fox News,2020.365,1,21,0.047619047619047616,0.1604554865424431,2020-05-06
CNN,2020.385,109,755,0.14437086092715232,0.14390762440749538,2020-05-13
Fox News,2020.385,6,23,0.2608695652173913,0.1735507246376812,2020-05-13
CNN,2020.404,143,834,0.17146282973621102,0.14238269599577452,2020-05-20
Fox News,2020.404,6,21,0.2857142857142857,0.1884316770186336,2020-05-20
CNN,2020.423,91,689,0.1320754716981132,0.15252285747631522,2020-05-27
Fox News,2020.423,2,20,0.1,0.14953007518796996,2020-05-27
CNN,2020.442,99,814,0.12162162162162163,0.18561040957485778,2020-06-03
Fox News,2020.442,3,28,0.10714285714285714,0.13844633134560544,2020-06-03
CNN,2020.462,162,876,0.18493150684931506,0.18498356822840256,2020-06-10
Fox News,2020.462,2,19,0.10526315789473684,0.17297014086941495,2020-06-10
CNN,2020.481,247,813,0.3038130381303813,0.19933340757824192,2020-06-17
Fox News,2020.481,7,29,0.2413793103448276,0.19618442658370067,2020-06-17
CNN,2020.5,78,602,0.12956810631229235,0.20302656636887173,2020-06-24
Fox News,2020.5,5,21,0.23809523809523808,0.2474548440065682,2020-06-24
CNN,2020.519,128,715,0.17902097902097902,0.1728829659271855,2020-07-01
Fox News,2020.519,5,25,0.2,0.24068144499178987,2020-07-01
CNN,2020.538,135,676,0.1997041420118343,0.17582120048582517,2020-07-08
Fox News,2020.538,9,29,0.3103448275862069,0.2615147783251232,2020-07-08
CNN,2020.558,129,704,0.18323863636363635,0.18813117312188474,2020-07-15
Fox News,2020.558,6,28,0.21428571428571427,0.3052647783251232,2020-07-15
CNN,2020.577,92,651,0.141321044546851,0.1818415012552898,2020-07-22
Fox News,2020.577,9,28,0.32142857142857145,0.29767857142857146,2020-07-22
CNN,2020.596,147,644,0.22826086956521738,0.18316788035053824,2020-07-29
Fox News,2020.596,9,24,0.375,0.3366997354497355,2020-07-29
CNN,2020.615,144,825,0.17454545454545456,0.2027302206458064,2020-08-05
Fox News,2020.615,7,25,0.28,0.3266550925925926,2020-08-05
CNN,2020.635,158,838,0.18854415274463007,0.21643506833042397,2020-08-12
Fox News,2020.635,10,27,0.37037037037037035,0.4025479497354498,2020-08-12
CNN,2020.654,184,838,0.21957040572792363,0.2364062996307692,2020-08-19
Fox News,2020.654,9,32,0.28125,0.4806960978835979,2020-08-19
CNN,2020.673,261,922,0.28308026030368766,0.2677996732093176,2020-08-26
Fox News,2020.673,19,28,0.6785714285714286,0.5131035052910053,2020-08-26
CNN,2020.692,201,790,0.25443037974683547,0.27762788396007776,2020-09-02
Fox News,2020.692,16,27,0.5925925925925926,0.4802910052910053,2020-09-02
CNN,2020.712,267,850,0.31411764705882356,0.2981416822528249,2020-09-09
Fox News,2020.712,17,34,0.5,0.4356481481481482,2020-09-09
CNN,2020.731,204,788,0.25888324873096447,0.3642333354364168,2020-09-16
Fox News,2020.731,3,20,0.15,0.4179347826086957,2020-09-16
CNN,2020.75,310,849,0.3651354534746761,0.3697451858076332,2020-09-23
Fox News,2020.75,2,4,0.5,0.34849033816425123,2020-09-23
CNN,2020.769,414,798,0.518796992481203,0.38015390730364856,2020-09-30
Fox News,2020.769,12,23,0.5217391304347826,0.33371761089152396,2020-09-30
CNN,2020.788,277,824,0.33616504854368934,0.360298615363551,2020-10-07
Fox News,2020.788,2,9,0.2222222222222222,0.25038427755819065,2020-10-07
CNN,2020.808,232,772,0.3005181347150259,0.30700687394566306,2020-10-14
Fox News,2020.808,1,11,0.09090909090909091,0.21369949494949497,2020-10-14
CNN,2020.827,218,763,0.2857142857142857,0.2908326478208211,2020-10-21
Fox News,2020.827,1,6,0.16666666666666666,0.19385822510822515,2020-10-21
CNN,2020.846,228,746,0.30563002680965146,0.2891763965848127,2020-10-28
Fox News,2020.846,3,8,0.375,0.20684523809523814,2020-10-28
CNN,2020.865,196,722,0.27146814404432135,0.27738085267917706,2020-11-04
CNN,2020.885,231,786,0.29389312977099236,0.24293138793480615,2020-11-11
CNN,2020.904,182,763,0.23853211009174313,0.21147891775005634,2020-11-18
